user_id,arm,device_type,session_date,converted,revenue
U02112,control,desktop,2025-09-23,False,0.0
U01519,control,mobile,2025-09-05,False,0.0
U01023,control,desktop,2025-09-01,False,0.0
U01824,treatment,desktop,2025-09-22,False,0.0
U02114,treatment,desktop,2025-09-07,True,72.44
U01450,control,desktop,2025-09-23,False,0.0
U01927,treatment,mobile,2025-09-04,False,0.0
U01409,control,desktop,2025-09-09,False,0.0
U01197,control,mobile,2025-09-14,False,0.0
U01180,control,desktop,2025-09-14,False,0.0
U01146,control,mobile,2025-09-26,False,0.0
U01579,treatment,mobile,2025-09-21,False,0.0
U01867,treatment,mobile,2025-09-09,False,0.0
U01668,treatment,mobile,2025-09-29,False,0.0
U01947,treatment,desktop,2025-09-22,False,0.0
U02048,treatment,mobile,2025-09-28,False,0.0
U01407,control,desktop,2025-09-16,False,0.0
U01539,control,mobile,2025-09-30,False,0.0
U01816,treatment,desktop,2025-09-29,False,0.0
U02104,control,mobile,2025-09-25,False,0.0
U01327,control,mobile,2025-09-23,False,0.0
U01313,control,mobile,2025-09-05,False,0.0
U01265,control,mobile,2025-09-14,False,0.0
U01994,treatment,mobile,2025-09-08,False,0.0
U02144,treatment,desktop,2025-09-07,True,-3.25
U01250,control,mobile,2025-09-23,False,0.0
U01894,treatment,mobile,2025-09-07,False,0.0
U01237,control,mobile,2025-09-29,True,51.87
U01070,control,mobile,2025-09-22,False,0.0
U02037,treatment,mobile,2025-09-15,True,17.77
U01891,treatment,mobile,2025-09-19,False,0.0
U01659,treatment,mobile,2025-09-21,False,0.0
U01803,treatment,desktop,2025-09-05,False,0.0
U01856,treatment,mobile,2025-09-19,False,0.0
U01669,treatment,mobile,2025-09-12,False,0.0
U02100,treatment,mobile,2025-09-08,False,0.0
U01817,treatment,mobile,2025-09-09,True,40.28
U01834,treatment,desktop,2025-09-24,False,0.0
U02101,control,mobile,2025-09-03,False,0.0
U02120,treatment,mobile,2025-09-29,True,42.54
U01064,control,mobile,2025-09-23,False,0.0
U01683,treatment,desktop,2025-09-16,False,0.0
U01971,treatment,mobile,2025-09-12,False,0.0
U02067,treatment,desktop,2025-09-06,False,0.0
U01951,treatment,desktop,2025-09-17,True,70.08
U01478,control,mobile,2025-09-25,False,0.0
U01557,treatment,mobile,2025-09-25,False,0.0
U01837,treatment,mobile,2025-09-11,False,0.0
U01924,treatment,desktop,2025-09-05,False,0.0
U01330,control,mobile,2025-09-20,False,0.0
U02001,treatment,desktop,2025-09-19,False,0.0
U01922,treatment,mobile,2025-09-02,True,36.24
U02003,treatment,mobile,2025-09-26,False,0.0
U01870,treatment,mobile,2025-09-11,False,0.0
U01686,treatment,mobile,2025-09-05,False,0.0
U01261,control,mobile,2025-09-19,False,0.0
U01141,control,mobile,2025-09-23,False,0.0
U02119,treatment,mobile,2025-09-02,True,73.39
U02058,treatment,desktop,2025-09-04,False,0.0
U01229,control,mobile,2025-09-14,False,0.0
U01508,control,desktop,2025-09-01,False,0.0
U01272,control,desktop,2025-09-08,False,0.0
U01548,control,mobile,2025-09-14,False,0.0
U01801,treatment,desktop,2025-09-17,False,0.0
U01196,control,mobile,2025-09-11,False,0.0
U01186,control,desktop,2025-09-17,False,0.0
U02102,treatment,mobile,2025-09-15,True,49.1
U01500,control,mobile,2025-09-29,False,0.0
U02125,treatment,mobile,2025-09-24,True,35.15
U01538,control,mobile,2025-09-17,False,0.0
U01404,control,desktop,2025-09-04,False,0.0
U02079,treatment,mobile,2025-09-10,False,0.0
U01585,treatment,desktop,2025-09-24,False,0.0
U01086,control,mobile,2025-09-11,False,0.0
U01440,control,desktop,2025-09-14,False,0.0
U01510,control,mobile,2025-09-09,False,0.0
U01496,control,desktop,2025-09-22,False,0.0
U01169,control,desktop,2025-09-21,False,0.0
U01547,control,mobile,2025-09-27,False,0.0
U01815,treatment,mobile,2025-09-02,True,27.91
U01328,control,desktop,2025-09-26,False,0.0
U01906,treatment,mobile,2025-09-24,False,0.0
U01685,treatment,desktop,2025-09-11,False,0.0
U02034,treatment,mobile,2025-09-11,False,0.0
U01448,control,desktop,2025-09-13,True,51.48
U02109,treatment,desktop,2025-09-21,True,76.73
U01913,treatment,desktop,2025-09-10,True,79.12
U01246,control,desktop,2025-09-28,False,0.0
U01349,control,mobile,2025-09-12,False,0.0
U01656,treatment,desktop,2025-09-10,False,0.0
U01435,control,mobile,2025-09-10,True,25.98
U01689,treatment,mobile,2025-09-05,False,0.0
U02126,control,desktop,2025-10-18,False,0.0
U01975,treatment,mobile,2025-09-08,False,0.0
U01256,control,desktop,2025-09-19,False,0.0
U01424,control,desktop,2025-09-30,True,30.41
U01690,treatment,mobile,2025-09-05,True,17.97
U01907,treatment,desktop,2025-09-15,False,0.0
U01420,control,desktop,2025-09-28,False,0.0
U01262,control,mobile,2025-09-07,True,35.65
U02012,treatment,mobile,2025-09-19,False,0.0
U01441,control,desktop,2025-09-26,False,0.0
U01829,treatment,mobile,2025-09-27,False,0.0
U01053,control,mobile,2025-09-18,False,0.0
U01316,control,mobile,2025-09-25,False,0.0
U01376,control,desktop,2025-09-18,False,0.0
U01215,control,desktop,2025-09-19,False,0.0
U02022,treatment,desktop,2025-09-13,True,29.92
U02041,treatment,desktop,2025-09-24,False,0.0
U02054,treatment,desktop,2025-09-26,False,0.0
U01630,treatment,desktop,2025-09-13,False,0.0
U01889,treatment,desktop,2025-09-12,False,0.0
U01238,control,desktop,2025-09-21,False,0.0
U01750,treatment,desktop,2025-09-30,False,0.0
U01862,treatment,desktop,2025-09-27,False,0.0
U01323,control,desktop,2025-09-28,False,0.0
U01917,treatment,mobile,2025-09-01,False,0.0
U01978,treatment,mobile,2025-09-22,True,32.96
U01457,control,desktop,2025-09-21,False,0.0
U01090,control,desktop,2025-09-17,True,43.23
U01233,control,desktop,2025-09-02,False,0.0
U01168,control,desktop,2025-09-07,False,0.0
U01704,treatment,mobile,2025-09-04,False,0.0
U01969,treatment,mobile,2025-09-20,False,0.0
U02040,treatment,mobile,2025-09-18,False,0.0
U01716,treatment,desktop,2025-09-24,False,0.0
U02074,treatment,mobile,2025-09-29,False,0.0
U01203,control,mobile,2025-09-04,False,0.0
U01605,treatment,desktop,2025-09-21,False,0.0
U01930,treatment,desktop,2025-09-25,False,0.0
U01745,treatment,mobile,2025-09-09,False,0.0
U01137,control,mobile,2025-09-03,False,0.0
U01183,control,mobile,2025-09-04,True,14.51
U01218,control,mobile,2025-09-18,False,0.0
U01944,treatment,mobile,2025-09-07,False,0.0
U01940,treatment,mobile,2025-09-13,False,0.0
U02071,treatment,desktop,2025-09-28,False,0.0
U01897,treatment,mobile,2025-09-16,False,0.0
U01042,control,mobile,2025-09-05,False,0.0
U01961,treatment,desktop,2025-09-27,False,0.0
U02031,treatment,desktop,2025-09-26,False,0.0
U01765,treatment,mobile,2025-09-23,False,0.0
U01654,treatment,desktop,2025-09-13,False,0.0
U01569,treatment,desktop,2025-09-06,False,0.0
U02069,treatment,desktop,2025-09-28,False,0.0
U02075,treatment,mobile,2025-09-15,False,0.0
U01359,control,mobile,2025-09-18,False,0.0
U02115,treatment,desktop,2025-09-28,True,24.6
U01010,control,mobile,2025-09-12,False,0.0
U01735,treatment,mobile,2025-09-19,False,0.0
U01520,control,mobile,2025-09-09,False,0.0
U02023,treatment,mobile,2025-09-19,False,0.0
U01875,treatment,mobile,2025-09-09,False,0.0
U02155,treatment,mobile,2025-09-24,True,0.0
U01405,control,mobile,2025-09-25,False,0.0
U01027,control,mobile,2025-09-17,False,0.0
U01928,treatment,mobile,2025-09-09,False,0.0
U02057,treatment,desktop,2025-09-12,False,0.0
U01458,control,mobile,2025-09-14,False,0.0
U01473,control,mobile,2025-09-08,False,0.0
U01861,treatment,mobile,2025-09-22,False,0.0
U01731,treatment,mobile,2025-09-02,False,0.0
U01960,treatment,mobile,2025-09-01,False,0.0
U01948,treatment,mobile,2025-09-15,False,0.0
U02039,treatment,mobile,2025-09-27,False,0.0
U01488,control,mobile,2025-09-24,False,0.0
U01725,treatment,mobile,2025-09-04,False,0.0
U01294,control,desktop,2025-09-19,True,45.75
U02119,control,mobile,2025-09-08,False,0.0
U01132,control,mobile,2025-09-28,False,0.0
U01095,control,mobile,2025-09-28,False,0.0
U01213,control,mobile,2025-09-04,False,0.0
U01769,treatment,desktop,2025-09-11,False,0.0
U01531,control,mobile,2025-09-21,False,0.0
U01232,control,desktop,2025-09-01,False,0.0
U01182,control,mobile,2025-09-15,False,0.0
U01375,control,desktop,2025-09-25,False,0.0
U01084,control,mobile,2025-09-07,False,0.0
U01996,treatment,mobile,2025-09-25,True,39.48
U02029,treatment,mobile,2025-09-11,False,0.0
U01142,control,desktop,2025-09-16,False,0.0
U01933,treatment,mobile,2025-09-20,False,0.0
U01199,control,desktop,2025-09-02,False,0.0
U01934,treatment,desktop,2025-09-20,False,0.0
U01268,control,desktop,2025-09-29,True,62.99
U02015,treatment,desktop,2025-09-21,False,0.0
U02122,control,desktop,2025-09-01,False,0.0
U01385,control,mobile,2025-09-19,False,0.0
U01254,control,mobile,2025-09-11,False,0.0
U02134,control,mobile,2025-10-07,False,0.0
U01059,control,mobile,2025-09-02,False,0.0
U02111,control,desktop,2025-09-14,False,0.0
U01672,treatment,mobile,2025-09-20,False,0.0
U01980,treatment,mobile,2025-09-23,False,0.0
U01331,control,desktop,2025-09-22,False,0.0
U01674,treatment,desktop,2025-09-03,False,0.0
U01638,treatment,mobile,2025-09-02,False,0.0
U01850,treatment,mobile,2025-09-20,True,39.92
U01965,treatment,mobile,2025-09-05,False,0.0
U01112,control,desktop,2025-09-18,False,0.0
U01972,treatment,mobile,2025-09-15,False,0.0
U01593,treatment,mobile,2025-09-26,True,37.37
U02097,treatment,desktop,2025-09-24,False,0.0
U01390,control,mobile,2025-09-30,False,0.0
U01602,treatment,desktop,2025-09-14,False,0.0
U01399,control,desktop,2025-09-25,True,48.62
U01127,control,mobile,2025-09-18,False,0.0
U01418,control,desktop,2025-09-07,False,0.0
U01071,control,desktop,2025-09-11,False,0.0
U01584,treatment,desktop,2025-09-21,False,0.0
U01462,control,desktop,2025-09-20,False,0.0
U01830,treatment,mobile,2025-09-12,True,38.45
U01480,control,desktop,2025-09-13,False,0.0
U01608,treatment,desktop,2025-09-17,True,40.43
U01158,control,desktop,2025-09-14,False,0.0
U02122,treatment,desktop,2025-09-12,True,67.64
U02153,treatment,mobile,2025-09-20,True,0.0
U01341,control,mobile,2025-09-21,False,0.0
U01671,treatment,mobile,2025-09-06,False,0.0
U01171,control,desktop,2025-09-12,False,0.0
U01240,control,desktop,2025-09-08,True,54.16
U01705,treatment,mobile,2025-09-06,False,0.0
U02113,treatment,mobile,2025-09-19,True,66.91
U01694,treatment,desktop,2025-09-07,False,0.0
U01063,control,desktop,2025-09-05,False,0.0
U01541,control,desktop,2025-09-24,False,0.0
U01734,treatment,desktop,2025-09-15,False,0.0
U01342,control,mobile,2025-09-03,False,0.0
U01068,control,mobile,2025-09-02,True,26.33
U01628,treatment,desktop,2025-09-14,False,0.0
U01914,treatment,mobile,2025-09-29,True,38.58
U01060,control,desktop,2025-09-18,True,60.56
U02109,control,desktop,2025-09-15,False,0.0
U01384,control,desktop,2025-09-23,False,0.0
U01151,control,mobile,2025-09-25,False,0.0
U01454,control,mobile,2025-09-14,True,44.5
U01649,treatment,desktop,2025-09-07,False,0.0
U01177,control,desktop,2025-09-19,False,0.0
U01776,treatment,desktop,2025-09-26,False,0.0
U01460,control,mobile,2025-09-06,False,0.0
U02117,treatment,desktop,2025-09-07,True,63.79
U01590,treatment,mobile,2025-09-17,False,0.0
U01414,control,mobile,2025-09-18,False,0.0
U01283,control,mobile,2025-09-25,False,0.0
U01582,treatment,mobile,2025-09-30,False,0.0
U01474,control,mobile,2025-09-09,True,29.91
U01219,control,mobile,2025-09-02,False,0.0
U01098,control,mobile,2025-09-23,False,0.0
U02038,treatment,desktop,2025-09-05,False,0.0
U01202,control,mobile,2025-09-20,False,0.0
U02043,treatment,desktop,2025-09-03,False,0.0
U02087,treatment,mobile,2025-09-15,False,0.0
U02105,treatment,mobile,2025-09-02,True,74.59
U01126,control,desktop,2025-09-07,True,34.41
U02108,control,mobile,2025-09-25,False,0.0
U01810,treatment,mobile,2025-09-16,False,0.0
U01937,treatment,desktop,2025-09-18,False,0.0
U01554,treatment,mobile,2025-09-27,False,0.0
U02086,treatment,desktop,2025-09-07,False,0.0
U02036,treatment,desktop,2025-09-19,False,0.0
U01601,treatment,mobile,2025-09-03,False,0.0
U01320,control,mobile,2025-09-22,False,0.0
U01712,treatment,mobile,2025-09-20,False,0.0
U01998,treatment,mobile,2025-09-05,False,0.0
U01974,treatment,desktop,2025-09-21,True,45.42
U01915,treatment,mobile,2025-09-28,False,0.0
U01353,control,desktop,2025-09-13,False,0.0
U01281,control,mobile,2025-09-27,False,0.0
U01833,treatment,mobile,2025-09-17,False,0.0
U02051,treatment,mobile,2025-09-02,False,0.0
U01692,treatment,mobile,2025-09-05,False,0.0
U02070,treatment,mobile,2025-09-19,True,14.79
U01505,control,mobile,2025-09-05,False,0.0
U01389,control,desktop,2025-09-09,False,0.0
U01487,control,mobile,2025-09-08,False,0.0
U01736,treatment,mobile,2025-09-26,False,0.0
U01865,treatment,mobile,2025-09-10,False,0.0
U01885,treatment,mobile,2025-09-20,True,62.37
U01860,treatment,desktop,2025-09-06,False,0.0
U01912,treatment,desktop,2025-09-04,False,0.0
U01587,treatment,mobile,2025-09-01,False,0.0
U01747,treatment,mobile,2025-09-21,False,0.0
U01410,control,desktop,2025-09-10,False,0.0
U02052,treatment,desktop,2025-09-07,False,0.0
U01176,control,desktop,2025-09-24,False,0.0
U01134,control,desktop,2025-09-08,False,0.0
U01225,control,desktop,2025-09-21,False,0.0
U01777,treatment,desktop,2025-09-04,False,0.0
U01920,treatment,desktop,2025-09-07,False,0.0
U01452,control,mobile,2025-09-02,False,0.0
U01241,control,mobile,2025-09-27,False,0.0
U01124,control,desktop,2025-09-28,False,0.0
U01653,treatment,desktop,2025-09-01,False,0.0
U02083,treatment,mobile,2025-09-10,True,26.05
U01614,treatment,desktop,2025-09-17,False,0.0
U01675,treatment,desktop,2025-09-13,False,0.0
U01491,control,mobile,2025-09-15,False,0.0
U01243,control,mobile,2025-09-07,False,0.0
U01434,control,mobile,2025-09-10,False,0.0
U01857,treatment,desktop,2025-09-24,False,0.0
U01864,treatment,mobile,2025-09-07,False,0.0
U01764,treatment,mobile,2025-09-08,False,0.0
U01881,treatment,desktop,2025-09-29,True,75.95
U01322,control,desktop,2025-09-06,True,68.29
U01094,control,desktop,2025-09-21,True,61.52
U01535,control,mobile,2025-09-20,False,0.0
U02117,control,desktop,2025-09-24,False,0.0
U01749,treatment,mobile,2025-09-03,True,38.02
U01343,control,desktop,2025-09-13,False,0.0
U01844,treatment,mobile,2025-09-23,False,0.0
U01469,control,mobile,2025-09-09,False,0.0
U01651,treatment,desktop,2025-09-11,False,0.0
U01710,treatment,mobile,2025-09-02,False,0.0
U02133,control,mobile,2025-10-04,False,0.0
U01057,control,mobile,2025-09-03,False,0.0
U01808,treatment,mobile,2025-09-22,False,0.0
U01367,control,mobile,2025-09-02,True,30.76
U01062,control,desktop,2025-09-16,False,0.0
U01583,treatment,mobile,2025-09-18,False,0.0
U02145,treatment,mobile,2025-09-29,True,0.0
U01640,treatment,desktop,2025-09-19,False,0.0
U01697,treatment,mobile,2025-09-12,False,0.0
U01988,treatment,desktop,2025-09-20,False,0.0
U01567,treatment,desktop,2025-09-10,False,0.0
U01395,control,mobile,2025-09-20,False,0.0
U01049,control,desktop,2025-09-23,True,76.89
U01878,treatment,mobile,2025-09-06,True,18.5
U01279,control,mobile,2025-09-10,False,0.0
U01742,treatment,mobile,2025-09-16,False,0.0
U01902,treatment,mobile,2025-09-09,False,0.0
U02084,treatment,desktop,2025-09-30,False,0.0
U01553,treatment,mobile,2025-09-21,False,0.0
U01335,control,desktop,2025-09-09,False,0.0
U01724,treatment,mobile,2025-09-24,False,0.0
U02090,treatment,mobile,2025-09-01,False,0.0
U01285,control,mobile,2025-09-07,False,0.0
U02107,control,desktop,2025-09-28,False,0.0
U01131,control,mobile,2025-09-25,False,0.0
U01821,treatment,mobile,2025-09-30,False,0.0
U01993,treatment,desktop,2025-09-27,False,0.0
U01990,treatment,mobile,2025-09-04,False,0.0
U01652,treatment,desktop,2025-09-29,False,0.0
U01802,treatment,mobile,2025-09-14,False,0.0
U01378,control,desktop,2025-09-22,False,0.0
U01518,control,desktop,2025-09-29,True,58.23
U01592,treatment,mobile,2025-09-01,True,23.06
U01380,control,mobile,2025-09-10,False,0.0
U01433,control,desktop,2025-09-22,False,0.0
U01866,treatment,desktop,2025-09-13,False,0.0
U01621,treatment,mobile,2025-09-06,False,0.0
U01289,control,desktop,2025-09-30,False,0.0
U01991,treatment,desktop,2025-09-02,False,0.0
U01851,treatment,mobile,2025-09-16,False,0.0
U02116,treatment,desktop,2025-09-15,True,50.55
U02004,treatment,mobile,2025-09-02,False,0.0
U01787,treatment,mobile,2025-09-01,False,0.0
U01882,treatment,mobile,2025-09-14,False,0.0
U02030,treatment,mobile,2025-09-02,False,0.0
U02136,control,desktop,2025-10-06,False,0.0
U02072,treatment,mobile,2025-09-21,False,0.0
U01561,treatment,mobile,2025-09-07,False,0.0
U01429,control,desktop,2025-09-28,False,0.0
U01344,control,mobile,2025-09-28,False,0.0
U01695,treatment,desktop,2025-09-23,False,0.0
U02116,control,desktop,2025-09-06,False,0.0
U01088,control,desktop,2025-09-11,False,0.0
U01702,treatment,mobile,2025-09-19,False,0.0
U01319,control,desktop,2025-09-09,False,0.0
U01883,treatment,desktop,2025-09-02,False,0.0
U02140,control,mobile,2025-10-01,False,0.0
U02120,control,mobile,2025-09-22,False,0.0
U01436,control,desktop,2025-09-16,False,0.0
U01509,control,desktop,2025-09-06,False,0.0
U01156,control,mobile,2025-09-17,False,0.0
U01650,treatment,mobile,2025-09-05,False,0.0
U02147,treatment,mobile,2025-09-12,True,0.0
U01242,control,mobile,2025-09-25,False,0.0
U01770,treatment,mobile,2025-09-10,True,34.36
U01597,treatment,desktop,2025-09-02,False,0.0
U01411,control,mobile,2025-09-28,False,0.0
U01308,control,mobile,2025-09-16,False,0.0
U01758,treatment,desktop,2025-09-27,True,29.28
U01682,treatment,mobile,2025-09-10,False,0.0
U01097,control,mobile,2025-09-22,False,0.0
U01942,treatment,mobile,2025-09-13,False,0.0
U01291,control,mobile,2025-09-14,False,0.0
U01354,control,mobile,2025-09-24,False,0.0
U01035,control,mobile,2025-09-12,False,0.0
U01513,control,desktop,2025-09-12,False,0.0
U01938,treatment,mobile,2025-09-08,False,0.0
U01556,treatment,mobile,2025-09-07,False,0.0
U01003,control,desktop,2025-09-10,False,0.0
U01273,control,mobile,2025-09-11,False,0.0
U01681,treatment,desktop,2025-09-07,False,0.0
U01101,control,desktop,2025-09-24,False,0.0
U01314,control,desktop,2025-09-29,False,0.0
U01006,control,mobile,2025-09-02,False,0.0
U01346,control,mobile,2025-09-20,False,0.0
U01304,control,mobile,2025-09-19,False,0.0
U01720,treatment,desktop,2025-09-25,False,0.0
U01571,treatment,mobile,2025-09-07,False,0.0
U01204,control,mobile,2025-09-25,False,0.0
U01615,treatment,mobile,2025-09-12,False,0.0
U01485,control,desktop,2025-09-29,False,0.0
U01711,treatment,desktop,2025-09-16,False,0.0
U02095,treatment,desktop,2025-09-24,False,0.0
U02021,treatment,desktop,2025-09-04,False,0.0
U02018,treatment,desktop,2025-09-13,False,0.0
U01428,control,desktop,2025-09-22,False,0.0
U02121,control,desktop,2025-09-04,False,0.0
U01939,treatment,desktop,2025-09-20,False,0.0
U01931,treatment,mobile,2025-09-04,False,0.0
U01925,treatment,desktop,2025-09-08,False,0.0
U01670,treatment,desktop,2025-09-23,True,62.79
U01371,control,desktop,2025-09-02,False,0.0
U01507,control,desktop,2025-09-06,False,0.0
U01016,control,desktop,2025-09-27,False,0.0
U01783,treatment,mobile,2025-09-22,False,0.0
U01738,treatment,desktop,2025-09-16,False,0.0
U01276,control,mobile,2025-09-10,False,0.0
U01345,control,mobile,2025-09-14,False,0.0
U01626,treatment,desktop,2025-09-20,True,62.6
U01916,treatment,mobile,2025-09-01,False,0.0
U01767,treatment,desktop,2025-09-27,False,0.0
U02056,treatment,desktop,2025-09-13,True,61.6
U01036,control,mobile,2025-09-25,False,0.0
U01075,control,desktop,2025-09-05,False,0.0
U01501,control,desktop,2025-09-26,False,0.0
U01594,treatment,mobile,2025-09-09,True,51.03
U01477,control,desktop,2025-09-10,False,0.0
U01564,treatment,mobile,2025-09-28,False,0.0
U01138,control,mobile,2025-09-03,False,0.0
U02006,treatment,desktop,2025-09-08,True,42.64
U02137,control,mobile,2025-10-10,False,0.0
U01139,control,mobile,2025-09-17,True,13.5
U01157,control,mobile,2025-09-22,False,0.0
U01100,control,mobile,2025-09-18,False,0.0
U01723,treatment,desktop,2025-09-15,False,0.0
U01374,control,mobile,2025-09-07,False,0.0
U02011,treatment,mobile,2025-09-28,False,0.0
U01932,treatment,desktop,2025-09-30,False,0.0
U01775,treatment,mobile,2025-09-13,False,0.0
U01574,treatment,mobile,2025-09-24,False,0.0
U02101,treatment,mobile,2025-09-15,True,28.43
U01085,control,mobile,2025-09-14,False,0.0
U01481,control,desktop,2025-09-04,False,0.0
U01854,treatment,desktop,2025-09-04,False,0.0
U01406,control,mobile,2025-09-24,False,0.0
U01192,control,mobile,2025-09-27,True,5.53
U01214,control,desktop,2025-09-10,False,0.0
U01029,control,desktop,2025-09-19,False,0.0
U01613,treatment,mobile,2025-09-09,False,0.0
U01046,control,desktop,2025-09-27,False,0.0
U01706,treatment,desktop,2025-09-17,True,42.12
U02118,treatment,mobile,2025-09-22,True,46.51
U01297,control,mobile,2025-09-18,False,0.0
U02076,treatment,mobile,2025-09-05,False,0.0
U01852,treatment,mobile,2025-09-28,False,0.0
U01234,control,desktop,2025-09-03,False,0.0
U01401,control,mobile,2025-09-18,False,0.0
U01041,control,mobile,2025-09-08,False,0.0
U01104,control,mobile,2025-09-12,False,0.0
U01701,treatment,desktop,2025-09-13,False,0.0
U02123,control,mobile,2025-09-20,False,0.0
U01160,control,mobile,2025-09-09,False,0.0
U01039,control,desktop,2025-09-08,False,0.0
U01754,treatment,desktop,2025-09-19,False,0.0
U01576,treatment,mobile,2025-09-01,False,0.0
U01280,control,mobile,2025-09-24,False,0.0
U01648,treatment,mobile,2025-09-18,False,0.0
U01789,treatment,mobile,2025-09-25,True,29.48
U02005,treatment,mobile,2025-09-13,False,0.0
U01302,control,mobile,2025-09-17,False,0.0
U01211,control,desktop,2025-09-26,False,0.0
U01997,treatment,mobile,2025-09-12,False,0.0
U01366,control,desktop,2025-09-06,False,0.0
U01338,control,desktop,2025-09-27,False,0.0
U01166,control,desktop,2025-09-10,False,0.0
U01257,control,mobile,2025-09-21,True,32.19
U01321,control,mobile,2025-09-24,False,0.0
U01868,treatment,desktop,2025-09-01,False,0.0
U01581,treatment,mobile,2025-09-01,False,0.0
U01013,control,desktop,2025-09-03,True,49.09
U01751,treatment,mobile,2025-09-09,True,16.72
U01449,control,desktop,2025-09-25,True,52.92
U01008,control,mobile,2025-09-22,False,0.0
U01514,control,mobile,2025-09-19,False,0.0
U01936,treatment,desktop,2025-09-15,True,34.92
U01017,control,desktop,2025-09-27,False,0.0
U01287,control,desktop,2025-09-01,True,67.13
U01179,control,mobile,2025-09-24,False,0.0
U01540,control,desktop,2025-09-03,False,0.0
U01886,treatment,mobile,2025-09-14,False,0.0
U01591,treatment,desktop,2025-09-23,False,0.0
U01828,treatment,desktop,2025-09-19,True,56.39
U01908,treatment,mobile,2025-09-10,False,0.0
U01779,treatment,desktop,2025-09-02,False,0.0
U02066,treatment,desktop,2025-09-16,False,0.0
U01426,control,mobile,2025-09-15,True,28.79
U02094,treatment,mobile,2025-09-28,False,0.0
U01748,treatment,mobile,2025-09-20,False,0.0
U01355,control,desktop,2025-09-11,False,0.0
U01446,control,desktop,2025-09-17,False,0.0
U01926,treatment,mobile,2025-09-21,False,0.0
U01843,treatment,desktop,2025-09-20,True,60.8
U01309,control,mobile,2025-09-17,False,0.0
U01627,treatment,mobile,2025-09-22,False,0.0
U01034,control,mobile,2025-09-12,False,0.0
U01759,treatment,mobile,2025-09-08,True,21.8
U02151,control,desktop,2025-09-24,True,0.0
U01201,control,desktop,2025-09-30,False,0.0
U01678,treatment,mobile,2025-09-01,False,0.0
U01684,treatment,desktop,2025-09-27,False,0.0
U01145,control,mobile,2025-09-13,False,0.0
U02080,treatment,mobile,2025-09-07,False,0.0
U01175,control,desktop,2025-09-23,False,0.0
U01392,control,mobile,2025-09-01,True,33.7
U01111,control,desktop,2025-09-08,False,0.0
U01155,control,desktop,2025-09-27,False,0.0
U02108,treatment,mobile,2025-09-26,True,52.56
U01486,control,desktop,2025-09-01,True,57.88
U01118,control,desktop,2025-09-01,True,42.15
U01511,control,mobile,2025-09-08,False,0.0
U01904,treatment,desktop,2025-09-27,True,38.5
U02089,treatment,desktop,2025-09-05,False,0.0
U01077,control,desktop,2025-09-16,False,0.0
U01455,control,mobile,2025-09-29,False,0.0
U01555,treatment,mobile,2025-09-19,False,0.0
U01718,treatment,desktop,2025-09-04,False,0.0
U01397,control,mobile,2025-09-30,False,0.0
U01275,control,desktop,2025-09-21,False,0.0
U01361,control,desktop,2025-09-01,False,0.0
U01058,control,mobile,2025-09-06,False,0.0
U02081,treatment,desktop,2025-09-03,False,0.0
U01909,treatment,mobile,2025-09-23,False,0.0
U01874,treatment,mobile,2025-09-18,False,0.0
U01604,treatment,mobile,2025-09-27,False,0.0
U02103,treatment,mobile,2025-09-02,True,68.22
U01394,control,mobile,2025-09-21,False,0.0
U01024,control,mobile,2025-09-14,False,0.0
U01220,control,mobile,2025-09-29,False,0.0
U01544,control,desktop,2025-09-20,False,0.0
U01453,control,mobile,2025-09-21,False,0.0
U01307,control,mobile,2025-09-07,False,0.0
U01746,treatment,desktop,2025-09-09,False,0.0
U01113,control,mobile,2025-09-18,False,0.0
U01687,treatment,desktop,2025-09-12,False,0.0
U01421,control,mobile,2025-09-05,False,0.0
U01490,control,mobile,2025-09-22,False,0.0
U01014,control,mobile,2025-09-22,True,17.27
U01497,control,mobile,2025-09-22,False,0.0
U01728,treatment,mobile,2025-09-23,True,31.61
U01700,treatment,desktop,2025-09-10,False,0.0
U01892,treatment,mobile,2025-09-14,False,0.0
U01522,control,desktop,2025-09-11,False,0.0
U01072,control,desktop,2025-09-22,False,0.0
U01766,treatment,mobile,2025-09-08,False,0.0
U01393,control,mobile,2025-09-26,False,0.0
U01465,control,mobile,2025-09-02,False,0.0
U01150,control,mobile,2025-09-12,False,0.0
U01849,treatment,mobile,2025-09-26,True,27.31
U01790,treatment,mobile,2025-09-08,False,0.0
U01065,control,mobile,2025-09-30,False,0.0
U02046,treatment,mobile,2025-09-12,False,0.0
U02049,treatment,mobile,2025-09-26,False,0.0
U01798,treatment,mobile,2025-09-15,False,0.0
U01007,control,mobile,2025-09-28,False,0.0
U01423,control,desktop,2025-09-19,False,0.0
U01846,treatment,mobile,2025-09-19,False,0.0
U01194,control,desktop,2025-09-23,False,0.0
U01818,treatment,mobile,2025-09-20,False,0.0
U01760,treatment,mobile,2025-09-28,False,0.0
U01067,control,mobile,2025-09-16,False,0.0
U01222,control,desktop,2025-09-10,False,0.0
U01793,treatment,mobile,2025-09-01,False,0.0
U01676,treatment,desktop,2025-09-18,True,40.6
U01357,control,mobile,2025-09-01,False,0.0
U01609,treatment,mobile,2025-09-09,False,0.0
U01431,control,mobile,2025-09-18,False,0.0
U01550,control,mobile,2025-09-27,False,0.0
U01984,treatment,desktop,2025-09-12,False,0.0
U01952,treatment,mobile,2025-09-10,True,22.01
U01551,treatment,mobile,2025-09-07,False,0.0
U01729,treatment,mobile,2025-09-11,False,0.0
U01476,control,mobile,2025-09-13,False,0.0
U01634,treatment,mobile,2025-09-17,False,0.0
U01992,treatment,mobile,2025-09-21,False,0.0
U01266,control,desktop,2025-09-18,True,29.32
U02114,control,desktop,2025-09-17,False,0.0
U01368,control,mobile,2025-09-17,False,0.0
U01245,control,mobile,2025-09-27,False,0.0
U01665,treatment,desktop,2025-09-13,False,0.0
U01663,treatment,desktop,2025-09-26,False,0.0
U02010,treatment,desktop,2025-09-03,False,0.0
U01439,control,mobile,2025-09-01,False,0.0
U01136,control,desktop,2025-09-22,False,0.0
U01264,control,mobile,2025-09-30,False,0.0
U02154,treatment,mobile,2025-09-25,True,-7.08
U01054,control,desktop,2025-09-14,False,0.0
U01995,treatment,desktop,2025-09-03,False,0.0
U02110,control,desktop,2025-09-29,False,0.0
U01896,treatment,desktop,2025-09-28,False,0.0
U01413,control,mobile,2025-09-29,False,0.0
U01200,control,mobile,2025-09-04,False,0.0
U01498,control,desktop,2025-09-10,False,0.0
U01119,control,desktop,2025-09-28,False,0.0
U01416,control,mobile,2025-09-02,False,0.0
U02017,treatment,mobile,2025-09-06,False,0.0
U01475,control,desktop,2025-09-20,False,0.0
U01147,control,desktop,2025-09-28,False,0.0
U01128,control,mobile,2025-09-06,False,0.0
U01950,treatment,mobile,2025-09-30,False,0.0
U01324,control,desktop,2025-09-09,False,0.0
U01336,control,desktop,2025-09-08,False,0.0
U01348,control,desktop,2025-09-14,False,0.0
U01483,control,mobile,2025-09-06,False,0.0
U01002,control,mobile,2025-09-04,False,0.0
U01152,control,mobile,2025-09-17,False,0.0
U02091,treatment,desktop,2025-09-09,False,0.0
U02142,control,desktop,2025-10-16,False,0.0
U01831,treatment,mobile,2025-09-03,False,0.0
U01419,control,mobile,2025-09-07,True,32.93
U01216,control,mobile,2025-09-27,False,0.0
U01161,control,mobile,2025-09-24,False,0.0
U01066,control,mobile,2025-09-13,False,0.0
U02062,treatment,desktop,2025-09-07,False,0.0
U01074,control,desktop,2025-09-27,False,0.0
U01227,control,mobile,2025-09-01,False,0.0
U01625,treatment,mobile,2025-09-27,False,0.0
U01876,treatment,mobile,2025-09-15,True,50.71
U01425,control,mobile,2025-09-07,True,44.36
U02132,control,mobile,2025-10-15,False,0.0
U02131,treatment,mobile,2025-10-03,False,0.0
U01391,control,mobile,2025-09-25,False,0.0
U01905,treatment,desktop,2025-09-05,True,79.74
U01999,treatment,desktop,2025-09-01,True,47.88
U01278,control,desktop,2025-09-22,False,0.0
U01286,control,mobile,2025-09-03,False,0.0
U01577,treatment,desktop,2025-09-15,False,0.0
U01167,control,mobile,2025-09-26,False,0.0
U01657,treatment,desktop,2025-09-10,False,0.0
U01217,control,mobile,2025-09-26,False,0.0
U01755,treatment,mobile,2025-09-05,False,0.0
U01187,control,mobile,2025-09-23,True,12.89
U01955,treatment,mobile,2025-09-03,False,0.0
U01698,treatment,mobile,2025-09-10,False,0.0
U01646,treatment,desktop,2025-09-23,False,0.0
U02060,treatment,mobile,2025-09-27,False,0.0
U02063,treatment,mobile,2025-09-20,False,0.0
U01572,treatment,desktop,2025-09-09,False,0.0
U01045,control,desktop,2025-09-16,False,0.0
U01347,control,mobile,2025-09-26,True,29.29
U01740,treatment,mobile,2025-09-08,True,37.97
U01190,control,desktop,2025-09-17,False,0.0
U02020,treatment,desktop,2025-09-18,False,0.0
U01534,control,desktop,2025-09-14,True,63.77
U01773,treatment,mobile,2025-09-23,False,0.0
U01981,treatment,desktop,2025-09-27,False,0.0
U01979,treatment,desktop,2025-09-30,False,0.0
U01087,control,desktop,2025-09-14,False,0.0
U01069,control,desktop,2025-09-06,True,68.56
U01228,control,mobile,2025-09-15,False,0.0
U01730,treatment,mobile,2025-09-21,False,0.0
U01443,control,desktop,2025-09-29,False,0.0
U01466,control,mobile,2025-09-05,True,19.88
U01444,control,mobile,2025-09-04,False,0.0
U01076,control,desktop,2025-09-16,False,0.0
U01360,control,mobile,2025-09-14,False,0.0
U01209,control,mobile,2025-09-25,False,0.0
U01949,treatment,mobile,2025-09-01,False,0.0
U01782,treatment,desktop,2025-09-14,False,0.0
U01521,control,desktop,2025-09-02,False,0.0
U01575,treatment,mobile,2025-09-06,False,0.0
U01381,control,mobile,2025-09-28,False,0.0
U01644,treatment,mobile,2025-09-09,False,0.0
U01825,treatment,desktop,2025-09-04,False,0.0
U01890,treatment,desktop,2025-09-06,False,0.0
U02138,treatment,mobile,2025-10-15,False,0.0
U02113,control,mobile,2025-09-20,False,0.0
U01163,control,mobile,2025-09-11,True,16.9
U01624,treatment,mobile,2025-09-16,False,0.0
U01020,control,mobile,2025-09-07,False,0.0
U01310,control,mobile,2025-09-19,True,8.28
U01600,treatment,mobile,2025-09-15,True,23.97
U01820,treatment,desktop,2025-09-29,False,0.0
U01610,treatment,desktop,2025-09-03,False,0.0
U01244,control,desktop,2025-09-01,False,0.0
U02033,treatment,mobile,2025-09-21,True,26.36
U01269,control,mobile,2025-09-26,False,0.0
U02026,treatment,desktop,2025-09-17,False,0.0
U01739,treatment,desktop,2025-09-17,False,0.0
U01502,control,mobile,2025-09-22,False,0.0
U01432,control,desktop,2025-09-06,False,0.0
U02111,treatment,desktop,2025-09-02,True,62.07
U01386,control,desktop,2025-09-20,False,0.0
U01092,control,desktop,2025-09-07,True,56.03
U01580,treatment,desktop,2025-09-06,False,0.0
U01356,control,desktop,2025-09-10,False,0.0
U01945,treatment,desktop,2025-09-26,False,0.0
U01589,treatment,desktop,2025-09-17,False,0.0
U01853,treatment,desktop,2025-09-07,False,0.0
U01893,treatment,mobile,2025-09-22,False,0.0
U01568,treatment,mobile,2025-09-01,False,0.0
U01529,control,desktop,2025-09-11,False,0.0
U01379,control,desktop,2025-09-03,False,0.0
U01633,treatment,mobile,2025-09-06,False,0.0
U01873,treatment,mobile,2025-09-21,False,0.0
U01332,control,desktop,2025-09-04,False,0.0
U01459,control,mobile,2025-09-30,False,0.0
U01253,control,mobile,2025-09-06,True,43.77
U01235,control,desktop,2025-09-19,False,0.0
U01080,control,desktop,2025-09-10,False,0.0
U01784,treatment,mobile,2025-09-05,False,0.0
U02055,treatment,mobile,2025-09-17,False,0.0
U01811,treatment,mobile,2025-09-18,False,0.0
U01512,control,desktop,2025-09-11,False,0.0
U01252,control,mobile,2025-09-12,False,0.0
U01317,control,mobile,2025-09-15,False,0.0
U02065,treatment,desktop,2025-09-01,False,0.0
U01102,control,mobile,2025-09-18,False,0.0
U02008,treatment,desktop,2025-09-28,True,49.0
U01468,control,desktop,2025-09-07,False,0.0
U01542,control,desktop,2025-09-23,False,0.0
U01495,control,desktop,2025-09-10,False,0.0
U01778,treatment,mobile,2025-09-03,True,36.8
U01011,control,desktop,2025-09-20,False,0.0
U01082,control,desktop,2025-09-02,False,0.0
U01887,treatment,desktop,2025-09-20,False,0.0
U01840,treatment,desktop,2025-09-14,False,0.0
U01616,treatment,mobile,2025-09-19,False,0.0
U01009,control,mobile,2025-09-04,False,0.0
U02123,treatment,mobile,2025-09-06,True,42.72
U01402,control,desktop,2025-09-07,True,75.76
U01726,treatment,mobile,2025-09-06,True,18.68
U02027,treatment,mobile,2025-09-28,False,0.0
U01806,treatment,mobile,2025-09-20,False,0.0
U02112,treatment,desktop,2025-09-16,True,73.52
U01129,control,desktop,2025-09-10,False,0.0
U01741,treatment,mobile,2025-09-20,False,0.0
U01673,treatment,mobile,2025-09-16,False,0.0
U01372,control,mobile,2025-09-02,False,0.0
U01826,treatment,desktop,2025-09-23,False,0.0
U01170,control,mobile,2025-09-02,False,0.0
U02127,treatment,desktop,2025-10-18,False,0.0
U01489,control,desktop,2025-09-14,True,64.81
U01606,treatment,mobile,2025-09-13,False,0.0
U01607,treatment,desktop,2025-09-11,False,0.0
U01771,treatment,desktop,2025-09-07,True,86.28
U02104,treatment,mobile,2025-09-24,True,73.71
U01334,control,mobile,2025-09-02,False,0.0
U01737,treatment,mobile,2025-09-16,False,0.0
U02143,control,mobile,2025-10-09,False,0.0
U01797,treatment,mobile,2025-09-06,False,0.0
U01207,control,desktop,2025-09-28,True,44.17
U02129,control,mobile,2025-10-18,False,0.0
U01135,control,desktop,2025-09-29,False,0.0
U01140,control,mobile,2025-09-09,False,0.0
U01249,control,desktop,2025-09-28,False,0.0
U01956,treatment,desktop,2025-09-30,False,0.0
U01208,control,mobile,2025-09-05,False,0.0
U01004,control,mobile,2025-09-01,False,0.0
U01983,treatment,desktop,2025-09-18,False,0.0
U01869,treatment,mobile,2025-09-04,False,0.0
U01959,treatment,desktop,2025-09-07,False,0.0
U01210,control,mobile,2025-09-27,True,33.67
U01645,treatment,mobile,2025-09-04,True,32.6
U01239,control,mobile,2025-09-07,False,0.0
U01792,treatment,mobile,2025-09-25,False,0.0
U02103,control,mobile,2025-09-01,False,0.0
U01422,control,mobile,2025-09-21,False,0.0
U01037,control,desktop,2025-09-21,False,0.0
U01159,control,desktop,2025-09-01,True,30.22
U01976,treatment,desktop,2025-09-16,False,0.0
U01206,control,mobile,2025-09-20,False,0.0
U01162,control,desktop,2025-09-10,False,0.0
U01813,treatment,mobile,2025-09-24,True,17.25
U01388,control,mobile,2025-09-01,False,0.0
U02149,control,desktop,2025-09-28,True,0.0
U01248,control,desktop,2025-09-20,False,0.0
U01858,treatment,mobile,2025-09-20,False,0.0
U01025,control,mobile,2025-09-27,False,0.0
U01515,control,mobile,2025-09-02,False,0.0
U01470,control,mobile,2025-09-25,True,45.37
U02150,treatment,mobile,2025-09-02,True,-19.55
U01954,treatment,mobile,2025-09-28,True,22.97
U01715,treatment,mobile,2025-09-20,False,0.0
U01114,control,mobile,2025-09-03,False,0.0
U01001,control,mobile,2025-09-21,False,0.0
U02118,control,mobile,2025-09-19,False,0.0
U02106,control,mobile,2025-09-29,False,0.0
U01524,control,mobile,2025-09-24,False,0.0
U01632,treatment,mobile,2025-09-07,False,0.0
U01530,control,mobile,2025-09-29,False,0.0
U02121,treatment,desktop,2025-09-06,True,25.89
U01807,treatment,desktop,2025-09-23,False,0.0
U01437,control,desktop,2025-09-03,True,63.56
U01545,control,mobile,2025-09-29,False,0.0
U01900,treatment,desktop,2025-09-22,False,0.0
U02105,control,mobile,2025-09-02,False,0.0
U01396,control,mobile,2025-09-21,False,0.0
U01260,control,mobile,2025-09-26,False,0.0
U01019,control,desktop,2025-09-16,False,0.0
U01612,treatment,desktop,2025-09-11,True,82.37
U01968,treatment,mobile,2025-09-13,False,0.0
U01154,control,mobile,2025-09-27,False,0.0
U01929,treatment,mobile,2025-09-15,False,0.0
U01637,treatment,desktop,2025-09-16,True,66.88
U01293,control,mobile,2025-09-28,False,0.0
U01499,control,desktop,2025-09-18,False,0.0
U01827,treatment,mobile,2025-09-17,False,0.0
U01528,control,mobile,2025-09-17,True,30.33
U01184,control,mobile,2025-09-26,False,0.0
U01788,treatment,desktop,2025-09-13,False,0.0
U01099,control,mobile,2025-09-20,False,0.0
U01744,treatment,mobile,2025-09-02,False,0.0
U01398,control,mobile,2025-09-03,False,0.0
U01919,treatment,desktop,2025-09-02,False,0.0
U01274,control,mobile,2025-09-01,False,0.0
U01144,control,mobile,2025-09-05,False,0.0
U01133,control,mobile,2025-09-14,False,0.0
U02110,treatment,desktop,2025-09-14,True,25.42
U01484,control,desktop,2025-09-09,False,0.0
U01536,control,mobile,2025-09-17,False,0.0
U01061,control,mobile,2025-09-02,False,0.0
U01845,treatment,desktop,2025-09-30,False,0.0
U01306,control,mobile,2025-09-08,False,0.0
U01340,control,desktop,2025-09-14,False,0.0
U01636,treatment,desktop,2025-09-30,False,0.0
U01093,control,desktop,2025-09-18,False,0.0
U02141,control,mobile,2025-10-09,False,0.0
U01570,treatment,desktop,2025-09-01,False,0.0
U01255,control,mobile,2025-09-07,False,0.0
U02014,treatment,mobile,2025-09-13,True,35.18
U01973,treatment,mobile,2025-09-29,False,0.0
U01464,control,desktop,2025-09-12,False,0.0
U01599,treatment,mobile,2025-09-28,False,0.0
U01107,control,desktop,2025-09-26,False,0.0
U01442,control,desktop,2025-09-24,True,67.12
U01762,treatment,mobile,2025-09-17,False,0.0
U01456,control,mobile,2025-09-13,True,29.89
U01358,control,mobile,2025-09-28,False,0.0
U01467,control,mobile,2025-09-30,False,0.0
U02128,treatment,mobile,2025-10-05,False,0.0
U01091,control,mobile,2025-09-19,False,0.0
U01123,control,desktop,2025-09-01,False,0.0
U01899,treatment,mobile,2025-09-14,True,30.25
U01836,treatment,desktop,2025-09-19,True,66.52
U01743,treatment,mobile,2025-09-29,True,12.33
U01693,treatment,mobile,2025-09-28,False,0.0
U01125,control,mobile,2025-09-16,False,0.0
U02082,treatment,mobile,2025-09-26,False,0.0
U01417,control,mobile,2025-09-02,False,0.0
U01791,treatment,desktop,2025-09-11,False,0.0
U01756,treatment,mobile,2025-09-21,False,0.0
U02098,treatment,desktop,2025-09-18,False,0.0
U01804,treatment,mobile,2025-09-07,False,0.0
U02061,treatment,mobile,2025-09-27,False,0.0
U01958,treatment,mobile,2025-09-30,True,37.43
U01533,control,desktop,2025-09-19,True,34.41
U01586,treatment,mobile,2025-09-05,False,0.0
U01130,control,mobile,2025-09-12,False,0.0
U01839,treatment,mobile,2025-09-04,False,0.0
U01660,treatment,desktop,2025-09-30,False,0.0
U01030,control,mobile,2025-09-14,False,0.0
U01270,control,desktop,2025-09-12,False,0.0
U02125,control,mobile,2025-09-26,False,0.0
U01445,control,mobile,2025-09-12,False,0.0
U01977,treatment,mobile,2025-09-07,False,0.0
U02139,treatment,desktop,2025-10-16,False,0.0
U01212,control,mobile,2025-09-23,False,0.0
U01110,control,desktop,2025-09-04,False,0.0
U02042,treatment,desktop,2025-09-15,True,41.06
U02102,control,mobile,2025-09-05,False,0.0
U01666,treatment,mobile,2025-09-03,False,0.0
U01369,control,desktop,2025-09-30,False,0.0
U01032,control,mobile,2025-09-14,True,20.28
U01026,control,mobile,2025-09-04,False,0.0
U01641,treatment,desktop,2025-09-09,True,41.37
U01198,control,mobile,2025-09-04,False,0.0
U01643,treatment,desktop,2025-09-21,False,0.0
U01752,treatment,mobile,2025-09-07,False,0.0
U01073,control,mobile,2025-09-18,False,0.0
U01105,control,mobile,2025-09-27,False,0.0
U01962,treatment,desktop,2025-09-20,False,0.0
U01842,treatment,mobile,2025-09-08,False,0.0
U01312,control,desktop,2025-09-10,False,0.0
U01259,control,desktop,2025-09-30,False,0.0
U01714,treatment,desktop,2025-09-25,True,49.45
U01363,control,mobile,2025-09-03,False,0.0
U01647,treatment,mobile,2025-09-25,False,0.0
U01506,control,desktop,2025-09-22,False,0.0
U01224,control,desktop,2025-09-13,False,0.0
U01044,control,desktop,2025-09-24,False,0.0
U01231,control,mobile,2025-09-23,False,0.0
U01814,treatment,mobile,2025-09-09,False,0.0
U01691,treatment,desktop,2025-09-04,False,0.0
U01921,treatment,desktop,2025-09-11,False,0.0
U01546,control,mobile,2025-09-03,False,0.0
U01284,control,mobile,2025-09-18,False,0.0
U01221,control,mobile,2025-09-23,False,0.0
U01871,treatment,desktop,2025-09-08,False,0.0
U01089,control,mobile,2025-09-06,False,0.0
U01957,treatment,mobile,2025-09-14,False,0.0
U01757,treatment,mobile,2025-09-26,False,0.0
U01595,treatment,mobile,2025-09-30,True,22.7
U02009,treatment,mobile,2025-09-12,False,0.0
U02019,treatment,desktop,2025-09-06,False,0.0
U01337,control,desktop,2025-09-13,False,0.0
U02078,treatment,mobile,2025-09-06,True,31.16
U01560,treatment,desktop,2025-09-18,False,0.0
U01121,control,desktop,2025-09-28,False,0.0
U01115,control,desktop,2025-09-30,False,0.0
U01780,treatment,mobile,2025-09-07,False,0.0
U01288,control,mobile,2025-09-22,False,0.0
U01763,treatment,mobile,2025-09-12,True,41.15
U01753,treatment,desktop,2025-09-22,True,88.55
U01503,control,mobile,2025-09-19,False,0.0
U01800,treatment,desktop,2025-09-25,False,0.0
U01532,control,desktop,2025-09-03,False,0.0
U01387,control,desktop,2025-09-23,False,0.0
U01733,treatment,desktop,2025-09-14,True,48.8
U01639,treatment,mobile,2025-09-13,False,0.0
U02092,treatment,desktop,2025-09-02,False,0.0
U01709,treatment,mobile,2025-09-25,False,0.0
U01494,control,desktop,2025-09-23,False,0.0
U01471,control,mobile,2025-09-12,False,0.0
U01303,control,desktop,2025-09-26,False,0.0
U01191,control,mobile,2025-09-24,False,0.0
U02146,control,desktop,2025-09-16,True,-8.48
U01258,control,desktop,2025-09-27,True,55.49
U01164,control,mobile,2025-09-17,False,0.0
U01901,treatment,mobile,2025-09-24,False,0.0
U01563,treatment,desktop,2025-09-21,False,0.0
U01989,treatment,desktop,2025-09-13,False,0.0
U02064,treatment,desktop,2025-09-21,False,0.0
U01299,control,desktop,2025-09-11,False,0.0
U01617,treatment,mobile,2025-09-22,False,0.0
U01103,control,mobile,2025-09-23,False,0.0
U01339,control,mobile,2025-09-30,True,19.36
U01963,treatment,mobile,2025-09-18,False,0.0
U01451,control,mobile,2025-09-25,False,0.0
U01295,control,mobile,2025-09-29,False,0.0
U01629,treatment,mobile,2025-09-26,False,0.0
U01504,control,mobile,2025-09-21,False,0.0
U01662,treatment,mobile,2025-09-09,False,0.0
U01713,treatment,mobile,2025-09-05,False,0.0
U01946,treatment,mobile,2025-09-27,False,0.0
U01552,treatment,desktop,2025-09-20,False,0.0
U01028,control,mobile,2025-09-26,False,0.0
U02096,treatment,mobile,2025-09-05,False,0.0
U01083,control,desktop,2025-09-14,False,0.0
U01855,treatment,mobile,2025-09-06,False,0.0
U01655,treatment,mobile,2025-09-21,False,0.0
U01181,control,mobile,2025-09-14,False,0.0
U02068,treatment,mobile,2025-09-28,True,20.88
U01543,control,desktop,2025-09-27,True,54.02
U01888,treatment,mobile,2025-09-07,False,0.0
U01578,treatment,mobile,2025-09-26,False,0.0
U01943,treatment,mobile,2025-09-12,False,0.0
U01015,control,desktop,2025-09-23,False,0.0
U01438,control,desktop,2025-09-12,False,0.0
U01527,control,mobile,2025-09-19,False,0.0
U01492,control,mobile,2025-09-10,False,0.0
U01611,treatment,desktop,2025-09-24,False,0.0
U01688,treatment,mobile,2025-09-25,False,0.0
U01033,control,desktop,2025-09-11,False,0.0
U02124,treatment,desktop,2025-09-29,True,20.11
U01461,control,mobile,2025-09-04,False,0.0
U01022,control,desktop,2025-09-03,False,0.0
U01835,treatment,mobile,2025-09-04,False,0.0
U02000,treatment,mobile,2025-09-22,False,0.0
U01178,control,mobile,2025-09-10,False,0.0
U01078,control,mobile,2025-09-29,False,0.0
U01603,treatment,desktop,2025-09-05,False,0.0
U01479,control,mobile,2025-09-06,False,0.0
U02093,treatment,mobile,2025-09-21,False,0.0
U01667,treatment,desktop,2025-09-19,True,47.63
U01050,control,mobile,2025-09-02,False,0.0
U01096,control,mobile,2025-09-25,False,0.0
U01620,treatment,mobile,2025-09-27,False,0.0
U01847,treatment,mobile,2025-09-19,True,31.72
U01153,control,mobile,2025-09-01,False,0.0
U02106,treatment,mobile,2025-09-07,True,65.38
U01895,treatment,desktop,2025-09-12,False,0.0
U01370,control,mobile,2025-09-17,False,0.0
U01970,treatment,mobile,2025-09-01,False,0.0
U01277,control,desktop,2025-09-05,True,52.57
U01918,treatment,desktop,2025-09-02,False,0.0
U01848,treatment,mobile,2025-09-18,False,0.0
U01172,control,desktop,2025-09-12,False,0.0
U01038,control,desktop,2025-09-06,False,0.0
U01021,control,desktop,2025-09-22,False,0.0
U01781,treatment,mobile,2025-09-02,True,32.9
U01298,control,mobile,2025-09-05,False,0.0
U02059,treatment,mobile,2025-09-07,False,0.0
U01350,control,mobile,2025-09-01,False,0.0
U01623,treatment,desktop,2025-09-18,False,0.0
U01794,treatment,desktop,2025-09-11,False,0.0
U01382,control,mobile,2025-09-19,False,0.0
U01149,control,desktop,2025-09-06,False,0.0
U01677,treatment,mobile,2025-09-20,False,0.0
U01903,treatment,desktop,2025-09-05,False,0.0
U01012,control,mobile,2025-09-09,True,24.07
U01596,treatment,mobile,2025-09-27,True,28.53
U02088,treatment,desktop,2025-09-28,False,0.0
U01884,treatment,mobile,2025-09-03,True,39.7
U01120,control,desktop,2025-09-12,False,0.0
U01351,control,mobile,2025-09-07,False,0.0
U01622,treatment,desktop,2025-09-02,False,0.0
U01290,control,mobile,2025-09-05,False,0.0
U01642,treatment,mobile,2025-09-02,False,0.0
U01326,control,mobile,2025-09-10,False,0.0
U01911,treatment,mobile,2025-09-30,False,0.0
U01841,treatment,desktop,2025-09-15,False,0.0
U02130,treatment,mobile,2025-10-11,False,0.0
U02028,treatment,mobile,2025-09-18,False,0.0
U01005,control,mobile,2025-09-08,False,0.0
U01558,treatment,desktop,2025-09-07,False,0.0
U01966,treatment,desktop,2025-09-05,False,0.0
U01052,control,desktop,2025-09-05,False,0.0
U01047,control,mobile,2025-09-30,False,0.0
U02073,treatment,desktop,2025-09-30,False,0.0
U01271,control,mobile,2025-09-07,False,0.0
U01117,control,desktop,2025-09-21,False,0.0
U01447,control,mobile,2025-09-03,False,0.0
U01986,treatment,desktop,2025-09-20,True,39.66
U01230,control,desktop,2025-09-23,True,52.95
U01383,control,mobile,2025-09-06,False,0.0
U01717,treatment,desktop,2025-09-27,False,0.0
U01043,control,desktop,2025-09-30,False,0.0
U01048,control,desktop,2025-09-06,False,0.0
U01679,treatment,mobile,2025-09-30,True,33.89
U01819,treatment,mobile,2025-09-05,False,0.0
U01311,control,mobile,2025-09-07,False,0.0
U01408,control,mobile,2025-09-04,False,0.0
U01565,treatment,desktop,2025-09-02,False,0.0
U01708,treatment,mobile,2025-09-26,False,0.0
U01719,treatment,mobile,2025-09-06,False,0.0
U01143,control,mobile,2025-09-24,False,0.0
U02044,treatment,mobile,2025-09-15,False,0.0
U01680,treatment,desktop,2025-09-03,False,0.0
U02047,treatment,mobile,2025-09-30,False,0.0
U01427,control,desktop,2025-09-04,False,0.0
U01699,treatment,mobile,2025-09-01,False,0.0
U01193,control,mobile,2025-09-29,True,24.09
U01251,control,mobile,2025-09-17,False,0.0
U01430,control,mobile,2025-09-06,True,28.36
U01174,control,mobile,2025-09-08,False,0.0
U01282,control,desktop,2025-09-18,False,0.0
U01109,control,desktop,2025-09-05,False,0.0
U01923,treatment,desktop,2025-09-21,False,0.0
U02025,treatment,mobile,2025-09-16,False,0.0
U01964,treatment,mobile,2025-09-13,True,24.47
U02099,treatment,mobile,2025-09-02,False,0.0
U01598,treatment,mobile,2025-09-18,True,37.53
U01880,treatment,desktop,2025-09-05,False,0.0
U01108,control,mobile,2025-09-28,False,0.0
U01941,treatment,mobile,2025-09-16,False,0.0
U01301,control,desktop,2025-09-14,True,67.04
U01482,control,desktop,2025-09-07,False,0.0
U01300,control,mobile,2025-09-27,False,0.0
U01056,control,mobile,2025-09-26,False,0.0
U01619,treatment,mobile,2025-09-18,False,0.0
U02045,treatment,mobile,2025-09-30,False,0.0
U02007,treatment,mobile,2025-09-10,False,0.0
U02135,treatment,desktop,2025-10-11,False,0.0
U01796,treatment,mobile,2025-09-16,False,0.0
U01081,control,mobile,2025-09-17,False,0.0
U01516,control,desktop,2025-09-11,False,0.0
U01910,treatment,desktop,2025-09-27,True,69.87
U01795,treatment,desktop,2025-09-29,False,0.0
U01305,control,mobile,2025-09-10,False,0.0
U01987,treatment,mobile,2025-09-09,False,0.0
U01812,treatment,mobile,2025-09-20,False,0.0
U01872,treatment,mobile,2025-09-16,False,0.0
U01559,treatment,mobile,2025-09-06,False,0.0
U01148,control,mobile,2025-09-12,True,35.2
U02115,control,desktop,2025-09-07,False,0.0
U01953,treatment,desktop,2025-09-08,False,0.0
U01247,control,desktop,2025-09-15,False,0.0
U02077,treatment,mobile,2025-09-09,False,0.0
U01562,treatment,desktop,2025-09-20,False,0.0
U01785,treatment,desktop,2025-09-14,True,82.77
U01898,treatment,desktop,2025-09-15,False,0.0
U01106,control,desktop,2025-09-28,False,0.0
U01768,treatment,mobile,2025-09-11,False,0.0
U01412,control,mobile,2025-09-08,False,0.0
U01364,control,mobile,2025-09-30,False,0.0
U01832,treatment,desktop,2025-09-03,True,48.25
U01635,treatment,mobile,2025-09-14,True,21.3
U01403,control,mobile,2025-09-23,False,0.0
U01618,treatment,mobile,2025-09-19,True,35.53
U01786,treatment,desktop,2025-09-01,False,0.0
U01079,control,desktop,2025-09-06,False,0.0
U01493,control,desktop,2025-09-28,True,62.07
U02085,treatment,mobile,2025-09-11,False,0.0
U02152,control,mobile,2025-09-06,True,-13.24
U01661,treatment,mobile,2025-09-11,True,28.09
U01325,control,desktop,2025-09-23,True,64.8
U01031,control,desktop,2025-09-25,False,0.0
U01377,control,mobile,2025-09-11,False,0.0
U01549,control,desktop,2025-09-12,True,109.02
U01566,treatment,mobile,2025-09-07,False,0.0
U01040,control,desktop,2025-09-03,True,70.38
U01296,control,mobile,2025-09-12,False,0.0
U01352,control,mobile,2025-09-21,False,0.0
U01879,treatment,desktop,2025-09-11,False,0.0
U01809,treatment,mobile,2025-09-22,False,0.0
U01051,control,mobile,2025-09-29,False,0.0
U01722,treatment,desktop,2025-09-22,True,69.39
U01658,treatment,mobile,2025-09-03,False,0.0
U01935,treatment,mobile,2025-09-14,True,23.35
U01526,control,mobile,2025-09-26,False,0.0
U01205,control,desktop,2025-09-05,False,0.0
U01292,control,desktop,2025-09-25,False,0.0
U02050,treatment,mobile,2025-09-17,False,0.0
U01223,control,desktop,2025-09-23,False,0.0
U01329,control,desktop,2025-09-09,False,0.0
U01122,control,mobile,2025-09-26,False,0.0
U01727,treatment,mobile,2025-09-02,False,0.0
U01018,control,mobile,2025-09-21,False,0.0
U01400,control,mobile,2025-09-04,False,0.0
U01189,control,desktop,2025-09-18,False,0.0
U01863,treatment,desktop,2025-09-07,True,73.68
U01525,control,desktop,2025-09-21,True,63.67
U02124,control,desktop,2025-09-11,False,0.0
U01696,treatment,desktop,2025-09-26,True,64.17
U01774,treatment,desktop,2025-09-18,True,81.81
U01859,treatment,mobile,2025-09-23,False,0.0
U01573,treatment,desktop,2025-09-01,False,0.0
U01732,treatment,mobile,2025-09-06,True,10.43
U01185,control,mobile,2025-09-21,True,31.1
U01318,control,desktop,2025-09-19,False,0.0
U01472,control,desktop,2025-09-04,False,0.0
U02032,treatment,desktop,2025-09-10,False,0.0
U01173,control,mobile,2025-09-07,False,0.0
U01664,treatment,desktop,2025-09-15,True,108.71
U01055,control,desktop,2025-09-06,False,0.0
U01588,treatment,desktop,2025-09-02,True,55.7
U02035,treatment,mobile,2025-09-08,False,0.0
U01165,control,mobile,2025-09-30,True,27.22
U01761,treatment,desktop,2025-09-28,False,0.0
U01838,treatment,desktop,2025-09-23,False,0.0
U01267,control,mobile,2025-09-29,False,0.0
U01463,control,desktop,2025-09-03,False,0.0
U02002,treatment,mobile,2025-09-15,False,0.0
U01116,control,mobile,2025-09-09,False,0.0
U01195,control,desktop,2025-09-14,False,0.0
U01985,treatment,desktop,2025-09-27,False,0.0
U01805,treatment,desktop,2025-09-26,False,0.0
U01236,control,mobile,2025-09-18,False,0.0
U02024,treatment,mobile,2025-09-23,False,0.0
U02013,treatment,desktop,2025-09-26,False,0.0
U01823,treatment,desktop,2025-09-12,False,0.0
U01799,treatment,mobile,2025-09-09,False,0.0
U02016,treatment,mobile,2025-09-12,False,0.0
U01373,control,desktop,2025-09-17,False,0.0
U01877,treatment,mobile,2025-09-24,False,0.0
U02053,treatment,mobile,2025-09-01,False,0.0
U01362,control,mobile,2025-09-08,False,0.0
U01415,control,mobile,2025-09-30,False,0.0
U01333,control,desktop,2025-09-15,False,0.0
U01772,treatment,desktop,2025-09-10,False,0.0
U02107,treatment,desktop,2025-09-27,True,54.92
U01822,treatment,mobile,2025-09-25,False,0.0
U01226,control,desktop,2025-09-08,True,64.67
U01631,treatment,mobile,2025-09-01,False,0.0
U01707,treatment,desktop,2025-09-16,False,0.0
U01263,control,desktop,2025-09-11,False,0.0
U01523,control,mobile,2025-09-14,False,0.0
U01721,treatment,desktop,2025-09-12,True,24.02
U02148,treatment,mobile,2025-09-22,True,-17.45
U01982,treatment,mobile,2025-09-15,True,33.85
U01315,control,desktop,2025-09-12,False,0.0
U01537,control,desktop,2025-09-27,False,0.0
U01188,control,mobile,2025-09-08,False,0.0
U01517,control,desktop,2025-09-11,True,35.53
U01967,treatment,desktop,2025-09-28,False,0.0
U01703,treatment,mobile,2025-09-21,False,0.0
U01365,control,desktop,2025-09-20,False,0.0
